<?xml version="1.0" encoding="UTF-8"?>
<beans xmlns="http://www.springframework.org/schema/beans"
    xmlns:xsi="http://www.w3.org/2001/XMLSchema-instance"
    xsi:schemaLocation="
        http://www.springframework.org/schema/beans http://www.springframework.org/schema/beans/spring-beans.xsd">
        
        <bean id="dataSource" class="org.springframework.jdbc.datasource.DriverManagerDataSource">
    		<property name="driverClassName" value="com.mysql.cj.jdbc.Driver"/>
    		<property name="url" value="jdbc:mysql://localhost:3306/organization"/>
    		<property name="username" value="root"/>
    		<property name="password" value="Admin@123"/>
		</bean>
		
		<bean id="employeeDAO" class="dao.EmployeeDao">
    		<property name="jdbcTemplate">
        		<bean class="org.springframework.jdbc.core.JdbcTemplate">
            		<property name="dataSource" ref="dataSource"/>
        		</bean>
    		</property>
		</bean>
        
        <bean id="employeeService" class="service.EmployeeService">
    		<property name="employeeDAO" ref="employeeDAO"/>
		</bean>
        
</beans>        