<?xml version="1.0" encoding="UTF-8"?>

<beans xmlns="http://www.springframework.org/schema/beans"
       xmlns:xsi="http://www.w3.org/2001/XMLSchema-instance"
       xmlns:context="http://www.springframework.org/schema/context"
       xsi:schemaLocation="http://www.springframework.org/schema/beans
       http://www.springframework.org/schema/beans/spring-beans.xsd
       http://www.springframework.org/schema/context
       http://www.springframework.org/schema/context/spring-context.xsd">

    <!-- Enable component scanning -->
    <context:component-scan base-package="spring_annotations.repository"/>
    
    <bean id="dataSource" class="org.springframework.jdbc.datasource.DriverManagerDataSource">
    		<property name="driverClassName" value="com.mysql.cj.jdbc.Driver"/>
    		<property name="url" value="jdbc:mysql://localhost:3306/organization"/>
    		<property name="username" value="root"/>
    		<property name="password" value="Admin@123"/>
		</bean>
		
		<bean id="employeeRepository" class="spring_annotations.repository.EmployeeRepository">   
			<property name="dataSource" ref="dataSource"></property>   
		</bean>

<!--     Database Configuration -->
<!--     <bean id="employeeRepository" class="spring_annotations.repository.EmployeeRepository"/> -->
</beans>